Slot	Comment	Description	Designator	Footprint	Quantity
					
Man	BZ_PS1240P02CT3	TDK Piezo Buzzer PS1240P02CT3	BZ1	Buzzer-TDK-PS1240P02CT3	1
	22p	Capacitor SMD Cer 22pF 100V 0603	C1	CAPC1608N	1
	4.7uF 16V	Capacitor SMD Cer 4.7uF 10% 16V X5R 0603	C2, C3, C6, C7, C9	CAPC1608N	5
	1u 6.3V	Capacitor SMD Cer 1uF 10% 6V3 X7R 0603	C4, C5, C10, C11	CAPC1608N	4
M7	4.7uF 16V Tan	Capacitor SMD Tantalum 4.7uF 10% 16V 3216-18	C8	CAPMP3216X180N	1
L2	100n	Capacitor SMD Cer 100nF 10% 50V X7R 0603	C12, C13	CAPC1608N	2
M5	SD103AWS	Diode Schottky SMD 40V 350mA SOD232	D1	SOD323	1
M6	1N4148	Diode SMD small signal 0.2A SOD-523F	D2, D3	SOD523F	2
L22	FH35C-41S-0.3SHW	WiseChip SSD7317Z In-Cell on FH35C-41S-0.3SHW	J1	FH35C-41S-0.3SHW	1
M2	10uH	Inductor Power 10uH 3225 SMD	L1	INDM3225_MURATA_LQH3CXXXX	1
L10	MMBT3904	Transistor SMD NPN 40V 0.2A 350mW SOT-23	Q1	SOT23-3	1
L4	1R	Resistor SMD chip 1.0Ohm 0.125W 0805	R1, R11, R20	RESC2012N_ZERO	3
L7	1.6M	Resistor SMD chip 1.6M Ohm 0.1W 1% 0603	R2	RESC1608N	1
L8	180K	Resistor SMD chip 180K Ohm 0.1W 1% 0603	R3, R18, R27	RESC1608N	3
M1	10K	Resistor SMD chip 10k Ohm 0.1W 5% 0603	R4, R24, R26, R29	RESC1608N	4
L1	39R	Resistor SMD chip 39 Ohm 0.1W 5% 0603	R5, R6, R12, R13, R30, R31, R32, R33	RESC1608N	8
L5	0R	Resistor SMD chip 0.0 Ohm 0.1W 0603	R7, R8, R9, R10, R15, R17, R22	RESC1608N_ZERO	7
L9	560K	Resistor SMD chip 560K Ohm 0.1W 1% 0603	R16, R23	RESC1608N	2
L6	51R	Resistor SMD chip 51 Ohm 0.1W 1% 0603	R19	RESC1608N	1
L3	2K2	Resistor SMD chip 2.2k Ohm 0.1W 5% 0603	R21, R25, R28	RESC1608N	3
NA	TESTPOINT_THT_MINI	Test Point PCB mount Miniature White	TP11	TP-THT-MINI	1
M4	TPS61040DRVR	Texas Instrument Low-Power DC-DC Step-Up Converter	U1	SOT23-5	1
NA	Nucleo-STM32-L432KC	Nucleo-STM32-L432KC	U2	STM32 Nucleo-32	1
M3	AP2127K	AP2127K	U3, U4	SOT23-5	2
